{"profile": [{"d": 0.0, "e": 1243.208618164}, {"d": 0.009403558321540934, "e": 1243.208618164}]}